{"cameraMode":{"drawMode":0,"name":"Shaded","section":"Shading Mode"},"sceneLighting":true,"audioPlay":false,"sceneViewState":{"showFog":true,"showMaterialUpdate":false,"showSkybox":true,"showFlares":true,"showImageEffects":true,"showParticleSystems":true},"in2DMode":false,"pivot":{"x":-1.81770658493042,"y":-0.2226485013961792,"z":0.7071772813796997},"rotation":{"x":-0.145988330245018,"y":0.8451948761940002,"z":-0.29121071100234988,"w":-0.4237091541290283},"size":5.635308742523193,"orthographic":false}