{"cameraMode":{"drawMode":0,"name":"Shaded","section":"Shading Mode"},"sceneLighting":true,"audioPlay":false,"sceneViewState":{"showFog":true,"showMaterialUpdate":false,"showSkybox":true,"showFlares":true,"showImageEffects":true,"showParticleSystems":true},"in2DMode":false,"pivot":{"x":-2.272831439971924,"y":-2.4876105785369875,"z":4.276654243469238},"rotation":{"x":-0.145988330245018,"y":0.8451948761940002,"z":-0.29121071100234988,"w":-0.4237091541290283},"size":14.127045631408692,"orthographic":false}